{"needs": {"snacks": 75.97728475360844, "maintenance": 99.52557738307786, "affection": 99.45743581822079, "charge": 99.15801503294094}, "affection_level": 285, "skills": {"hacking": 20, "lore": 0, "bonding": 0}, "inventory": [], "last_save_time": 1771692525.5464504}