{"needs": {"snacks": 47.894753616975095, "maintenance": 47.676987988980855, "affection": 44.104142390363364, "charge": 0.0}, "affection_level": 115, "skills": {"hacking": 0, "lore": 0, "bonding": 0}, "inventory": [], "last_save_time": 1770943480.6307952}